{
  "Debug Sampler" : {
    "transaction" : "Debug Sampler",
    "sampleCount" : 8,
    "errorCount" : 0,
    "errorPct" : 0.0,
    "meanResTime" : 0.625,
    "medianResTime" : 0.5,
    "minResTime" : 0.0,
    "maxResTime" : 2.0,
    "pct1ResTime" : 2.0,
    "pct2ResTime" : 2.0,
    "pct3ResTime" : 2.0,
    "throughput" : 0.22252510361325137,
    "receivedKBytesPerSec" : 0.17007198165558676,
    "sentKBytesPerSec" : 0.0
  },
  "Total" : {
    "transaction" : "Total",
    "sampleCount" : 2873,
    "errorCount" : 0,
    "errorPct" : 0.0,
    "meanResTime" : 23.879568395405517,
    "medianResTime" : 6.0,
    "minResTime" : 0.0,
    "maxResTime" : 20018.0,
    "pct1ResTime" : 7.0,
    "pct2ResTime" : 7.0,
    "pct3ResTime" : 19.77999999999929,
    "throughput" : 32.34194884726225,
    "receivedKBytesPerSec" : 10.155130875557232,
    "sentKBytesPerSec" : 13.32980548957583
  },
  "Logout" : {
    "transaction" : "Logout",
    "sampleCount" : 2788,
    "errorCount" : 0,
    "errorPct" : 0.0,
    "meanResTime" : 6.171807747489235,
    "medianResTime" : 6.0,
    "minResTime" : 4.0,
    "maxResTime" : 17.0,
    "pct1ResTime" : 7.0,
    "pct2ResTime" : 7.0,
    "pct3ResTime" : 9.0,
    "throughput" : 146.69823730597213,
    "receivedKBytesPerSec" : 43.8375591949487,
    "sentKBytesPerSec" : 58.59333892396738
  },
  "HTTP Request" : {
    "transaction" : "HTTP Request",
    "sampleCount" : 1,
    "errorCount" : 0,
    "errorPct" : 0.0,
    "meanResTime" : 53.0,
    "medianResTime" : 53.0,
    "minResTime" : 53.0,
    "maxResTime" : 53.0,
    "pct1ResTime" : 53.0,
    "pct2ResTime" : 53.0,
    "pct3ResTime" : 53.0,
    "throughput" : 18.867924528301884,
    "receivedKBytesPerSec" : 48.551739386792455,
    "sentKBytesPerSec" : 3.4640330188679247
  },
  "Launch" : {
    "transaction" : "Launch",
    "sampleCount" : 56,
    "errorCount" : 0,
    "errorPct" : 0.0,
    "meanResTime" : 509.2678571428571,
    "medianResTime" : 13.0,
    "minResTime" : 3.0,
    "maxResTime" : 20018.0,
    "pct1ResTime" : 1206.3000000000006,
    "pct2ResTime" : 1372.0999999999997,
    "pct3ResTime" : 20018.0,
    "throughput" : 1.9445794846864364,
    "receivedKBytesPerSec" : 1.5602008494513508,
    "sentKBytesPerSec" : 1.221839135964303
  },
  "PostLogin" : {
    "transaction" : "PostLogin",
    "sampleCount" : 20,
    "errorCount" : 0,
    "errorPct" : 0.0,
    "meanResTime" : 1141.1000000000001,
    "medianResTime" : 13.5,
    "minResTime" : 3.0,
    "maxResTime" : 20013.0,
    "pct1ResTime" : 1284.5000000000002,
    "pct2ResTime" : 19076.899999999987,
    "pct3ResTime" : 20013.0,
    "throughput" : 0.8751203290452437,
    "receivedKBytesPerSec" : 0.6716377603482979,
    "sentKBytesPerSec" : 1.5391947935809924
  }
}