{
  "Debug Sampler" : {
    "transaction" : "Debug Sampler",
    "sampleCount" : 21,
    "errorCount" : 0,
    "errorPct" : 0.0,
    "meanResTime" : 0.19047619047619047,
    "medianResTime" : 0.0,
    "minResTime" : 0.0,
    "maxResTime" : 2.0,
    "pct1ResTime" : 1.0,
    "pct2ResTime" : 1.8999999999999986,
    "pct3ResTime" : 2.0,
    "throughput" : 0.5952549675444315,
    "receivedKBytesPerSec" : 0.4527802038748263,
    "sentKBytesPerSec" : 0.0
  },
  "Total" : {
    "transaction" : "Total",
    "sampleCount" : 2920,
    "errorCount" : 0,
    "errorPct" : 0.0,
    "meanResTime" : 23.178082191780746,
    "medianResTime" : 6.0,
    "minResTime" : 0.0,
    "maxResTime" : 20024.0,
    "pct1ResTime" : 7.0,
    "pct2ResTime" : 9.0,
    "pct3ResTime" : 57.789999999999964,
    "throughput" : 33.20445758471685,
    "receivedKBytesPerSec" : 11.112701575648169,
    "sentKBytesPerSec" : 15.008635148965205
  },
  "Logout" : {
    "transaction" : "Logout",
    "sampleCount" : 2712,
    "errorCount" : 0,
    "errorPct" : 0.0,
    "meanResTime" : 6.375368731563415,
    "medianResTime" : 6.0,
    "minResTime" : 5.0,
    "maxResTime" : 27.0,
    "pct1ResTime" : 7.0,
    "pct2ResTime" : 7.0,
    "pct3ResTime" : 10.0,
    "throughput" : 142.70679856872238,
    "receivedKBytesPerSec" : 42.64480504104399,
    "sentKBytesPerSec" : 56.999102162702584
  },
  "HTTP Request" : {
    "transaction" : "HTTP Request",
    "sampleCount" : 1,
    "errorCount" : 0,
    "errorPct" : 0.0,
    "meanResTime" : 57.0,
    "medianResTime" : 57.0,
    "minResTime" : 57.0,
    "maxResTime" : 57.0,
    "pct1ResTime" : 57.0,
    "pct2ResTime" : 57.0,
    "pct3ResTime" : 57.0,
    "throughput" : 17.543859649122805,
    "receivedKBytesPerSec" : 45.14459978070175,
    "sentKBytesPerSec" : 3.2209429824561404
  },
  "Launch" : {
    "transaction" : "Launch",
    "sampleCount" : 119,
    "errorCount" : 0,
    "errorPct" : 0.0,
    "meanResTime" : 164.82352941176478,
    "medianResTime" : 11.0,
    "minResTime" : 3.0,
    "maxResTime" : 1405.0,
    "pct1ResTime" : 1103.0,
    "pct2ResTime" : 1281.0,
    "pct3ResTime" : 1398.6,
    "throughput" : 5.950595059505951,
    "receivedKBytesPerSec" : 4.431693169316931,
    "sentKBytesPerSec" : 3.76448777690269
  },
  "PostLogin" : {
    "transaction" : "PostLogin",
    "sampleCount" : 67,
    "errorCount" : 0,
    "errorPct" : 0.0,
    "meanResTime" : 458.43283582089555,
    "medianResTime" : 11.0,
    "minResTime" : 3.0,
    "maxResTime" : 20024.0,
    "pct1ResTime" : 1099.6000000000001,
    "pct2ResTime" : 1195.6,
    "pct3ResTime" : 20024.0,
    "throughput" : 2.1771625398063303,
    "receivedKBytesPerSec" : 1.9385593865763306,
    "sentKBytesPerSec" : 5.237623226993565
  }
}