{
  "Debug Sampler" : {
    "transaction" : "Debug Sampler",
    "sampleCount" : 21,
    "errorCount" : 0,
    "errorPct" : 0.0,
    "meanResTime" : 0.23809523809523808,
    "medianResTime" : 0.0,
    "minResTime" : 0.0,
    "maxResTime" : 2.0,
    "pct1ResTime" : 1.0,
    "pct2ResTime" : 1.8999999999999986,
    "pct3ResTime" : 2.0,
    "throughput" : 0.6621472489358348,
    "receivedKBytesPerSec" : 0.5047086847706133,
    "sentKBytesPerSec" : 0.0
  },
  "Total" : {
    "transaction" : "Total",
    "sampleCount" : 3089,
    "errorCount" : 0,
    "errorPct" : 0.0,
    "meanResTime" : 20.836840401424446,
    "medianResTime" : 6.0,
    "minResTime" : 0.0,
    "maxResTime" : 20013.0,
    "pct1ResTime" : 7.0,
    "pct2ResTime" : 8.0,
    "pct3ResTime" : 40.09999999999991,
    "throughput" : 36.55448262804128,
    "receivedKBytesPerSec" : 12.149734590966107,
    "sentKBytesPerSec" : 16.117672684133293
  },
  "Logout" : {
    "transaction" : "Logout",
    "sampleCount" : 2887,
    "errorCount" : 0,
    "errorPct" : 0.0,
    "meanResTime" : 6.045029442327693,
    "medianResTime" : 6.0,
    "minResTime" : 4.0,
    "maxResTime" : 18.0,
    "pct1ResTime" : 7.0,
    "pct2ResTime" : 7.0,
    "pct3ResTime" : 9.0,
    "throughput" : 151.91538623447695,
    "receivedKBytesPerSec" : 45.396590027099556,
    "sentKBytesPerSec" : 60.67714157216901
  },
  "HTTP Request" : {
    "transaction" : "HTTP Request",
    "sampleCount" : 1,
    "errorCount" : 0,
    "errorPct" : 0.0,
    "meanResTime" : 65.0,
    "medianResTime" : 65.0,
    "minResTime" : 65.0,
    "maxResTime" : 65.0,
    "pct1ResTime" : 65.0,
    "pct2ResTime" : 65.0,
    "pct3ResTime" : 65.0,
    "throughput" : 15.384615384615385,
    "receivedKBytesPerSec" : 39.58834134615385,
    "sentKBytesPerSec" : 2.824519230769231
  },
  "Launch" : {
    "transaction" : "Launch",
    "sampleCount" : 126,
    "errorCount" : 0,
    "errorPct" : 0.0,
    "meanResTime" : 150.42063492063482,
    "medianResTime" : 10.0,
    "minResTime" : 3.0,
    "maxResTime" : 1474.0,
    "pct1ResTime" : 655.099999999999,
    "pct2ResTime" : 1267.6499999999999,
    "pct3ResTime" : 1444.3000000000004,
    "throughput" : 6.493506493506494,
    "receivedKBytesPerSec" : 4.9022390679756755,
    "sentKBytesPerSec" : 4.109323061611008
  },
  "PostLogin" : {
    "transaction" : "PostLogin",
    "sampleCount" : 54,
    "errorCount" : 0,
    "errorPct" : 0.0,
    "meanResTime" : 516.4814814814814,
    "medianResTime" : 10.5,
    "minResTime" : 3.0,
    "maxResTime" : 20013.0,
    "pct1ResTime" : 1175.5,
    "pct2ResTime" : 1247.5,
    "pct3ResTime" : 20013.0,
    "throughput" : 1.9336818735228818,
    "receivedKBytesPerSec" : 1.8005174389457854,
    "sentKBytesPerSec" : 4.618581809962043
  }
}