{
  "Debug Sampler" : {
    "transaction" : "Debug Sampler",
    "sampleCount" : 20,
    "errorCount" : 0,
    "errorPct" : 0.0,
    "meanResTime" : 0.15,
    "medianResTime" : 0.0,
    "minResTime" : 0.0,
    "maxResTime" : 2.0,
    "pct1ResTime" : 0.9000000000000021,
    "pct2ResTime" : 1.9499999999999993,
    "pct3ResTime" : 2.0,
    "throughput" : 0.6482141699617553,
    "receivedKBytesPerSec" : 0.49622567171193366,
    "sentKBytesPerSec" : 0.0
  },
  "Total" : {
    "transaction" : "Total",
    "sampleCount" : 3028,
    "errorCount" : 0,
    "errorPct" : 0.0,
    "meanResTime" : 21.064068692206053,
    "medianResTime" : 6.0,
    "minResTime" : 0.0,
    "maxResTime" : 20018.0,
    "pct1ResTime" : 7.0,
    "pct2ResTime" : 8.0,
    "pct3ResTime" : 32.710000000000036,
    "throughput" : 36.09918931807344,
    "receivedKBytesPerSec" : 11.997328773247498,
    "sentKBytesPerSec" : 15.950660541845494
  },
  "Logout" : {
    "transaction" : "Logout",
    "sampleCount" : 2829,
    "errorCount" : 0,
    "errorPct" : 0.0,
    "meanResTime" : 6.177801343230819,
    "medianResTime" : 6.0,
    "minResTime" : 5.0,
    "maxResTime" : 34.0,
    "pct1ResTime" : 7.0,
    "pct2ResTime" : 7.0,
    "pct3ResTime" : 9.0,
    "throughput" : 148.87123085828554,
    "receivedKBytesPerSec" : 44.4869107838236,
    "sentKBytesPerSec" : 59.46126310648319
  },
  "HTTP Request" : {
    "transaction" : "HTTP Request",
    "sampleCount" : 1,
    "errorCount" : 0,
    "errorPct" : 0.0,
    "meanResTime" : 42.0,
    "medianResTime" : 42.0,
    "minResTime" : 42.0,
    "maxResTime" : 42.0,
    "pct1ResTime" : 42.0,
    "pct2ResTime" : 42.0,
    "pct3ResTime" : 42.0,
    "throughput" : 23.809523809523807,
    "receivedKBytesPerSec" : 61.26767113095238,
    "sentKBytesPerSec" : 4.371279761904762
  },
  "Launch" : {
    "transaction" : "Launch",
    "sampleCount" : 126,
    "errorCount" : 0,
    "errorPct" : 0.0,
    "meanResTime" : 148.28571428571433,
    "medianResTime" : 10.0,
    "minResTime" : 3.0,
    "maxResTime" : 1459.0,
    "pct1ResTime" : 714.5999999999984,
    "pct2ResTime" : 1253.1999999999998,
    "pct3ResTime" : 1419.3100000000006,
    "throughput" : 6.596167940529788,
    "receivedKBytesPerSec" : 5.001419190398911,
    "sentKBytesPerSec" : 4.174290895586849
  },
  "PostLogin" : {
    "transaction" : "PostLogin",
    "sampleCount" : 52,
    "errorCount" : 0,
    "errorPct" : 0.0,
    "meanResTime" : 530.3076923076924,
    "medianResTime" : 9.5,
    "minResTime" : 3.0,
    "maxResTime" : 20018.0,
    "pct1ResTime" : 1189.9,
    "pct2ResTime" : 1262.3999999999999,
    "pct3ResTime" : 20018.0,
    "throughput" : 1.882284804169985,
    "receivedKBytesPerSec" : 1.72049060441251,
    "sentKBytesPerSec" : 4.636144392963151
  }
}