{
  "Debug Sampler" : {
    "transaction" : "Debug Sampler",
    "sampleCount" : 10,
    "errorCount" : 0,
    "errorPct" : 0.0,
    "meanResTime" : 0.4,
    "medianResTime" : 0.0,
    "minResTime" : 0.0,
    "maxResTime" : 2.0,
    "pct1ResTime" : 1.9000000000000004,
    "pct2ResTime" : 2.0,
    "pct3ResTime" : 2.0,
    "throughput" : 0.258585022755482,
    "receivedKBytesPerSec" : 0.19838319714522137,
    "sentKBytesPerSec" : 0.0
  },
  "Total" : {
    "transaction" : "Total",
    "sampleCount" : 2792,
    "errorCount" : 1,
    "errorPct" : 0.035816617,
    "meanResTime" : 26.122492836676262,
    "medianResTime" : 6.0,
    "minResTime" : 0.0,
    "maxResTime" : 18972.0,
    "pct1ResTime" : 7.0,
    "pct2ResTime" : 8.0,
    "pct3ResTime" : 41.070000000000164,
    "throughput" : 29.993446990449794,
    "receivedKBytesPerSec" : 9.607108135400217,
    "sentKBytesPerSec" : 12.39128743473847
  },
  "Logout" : {
    "transaction" : "Logout",
    "sampleCount" : 2695,
    "errorCount" : 0,
    "errorPct" : 0.0,
    "meanResTime" : 6.411873840445275,
    "medianResTime" : 6.0,
    "minResTime" : 5.0,
    "maxResTime" : 27.0,
    "pct1ResTime" : 7.0,
    "pct2ResTime" : 8.0,
    "pct3ResTime" : 11.039999999999964,
    "throughput" : 141.84210526315792,
    "receivedKBytesPerSec" : 42.3864103618421,
    "sentKBytesPerSec" : 56.65373149671053
  },
  "HTTP Request" : {
    "transaction" : "HTTP Request",
    "sampleCount" : 1,
    "errorCount" : 0,
    "errorPct" : 0.0,
    "meanResTime" : 105.0,
    "medianResTime" : 105.0,
    "minResTime" : 105.0,
    "maxResTime" : 105.0,
    "pct1ResTime" : 105.0,
    "pct2ResTime" : 105.0,
    "pct3ResTime" : 105.0,
    "throughput" : 9.523809523809526,
    "receivedKBytesPerSec" : 24.507068452380953,
    "sentKBytesPerSec" : 1.7485119047619049
  },
  "Launch" : {
    "transaction" : "Launch",
    "sampleCount" : 70,
    "errorCount" : 1,
    "errorPct" : 1.4285715,
    "meanResTime" : 271.3285714285714,
    "medianResTime" : 13.0,
    "minResTime" : 3.0,
    "maxResTime" : 3040.0,
    "pct1ResTime" : 1441.1,
    "pct2ResTime" : 1718.7500000000005,
    "pct3ResTime" : 3040.0,
    "throughput" : 3.6228133733567955,
    "receivedKBytesPerSec" : 3.2286909028568473,
    "sentKBytesPerSec" : 2.2539478961805197
  },
  "PostLogin" : {
    "transaction" : "PostLogin",
    "sampleCount" : 16,
    "errorCount" : 0,
    "errorPct" : 0.0,
    "meanResTime" : 2284.5,
    "medianResTime" : 41.5,
    "minResTime" : 4.0,
    "maxResTime" : 18972.0,
    "pct1ResTime" : 15799.600000000004,
    "pct2ResTime" : 18972.0,
    "pct3ResTime" : 18972.0,
    "throughput" : 0.43750512701320715,
    "receivedKBytesPerSec" : 0.44639729054442046,
    "sentKBytesPerSec" : 0.9108993464767166
  }
}