{
  "Debug Sampler" : {
    "transaction" : "Debug Sampler",
    "sampleCount" : 21,
    "errorCount" : 0,
    "errorPct" : 0.0,
    "meanResTime" : 0.1428571428571429,
    "medianResTime" : 0.0,
    "minResTime" : 0.0,
    "maxResTime" : 1.0,
    "pct1ResTime" : 1.0,
    "pct2ResTime" : 1.0,
    "pct3ResTime" : 1.0,
    "throughput" : 0.5895067793279622,
    "receivedKBytesPerSec" : 0.4484078492125874,
    "sentKBytesPerSec" : 0.0
  },
  "Total" : {
    "transaction" : "Total",
    "sampleCount" : 3010,
    "errorCount" : 0,
    "errorPct" : 0.0,
    "meanResTime" : 22.741860465116282,
    "medianResTime" : 6.0,
    "minResTime" : 0.0,
    "maxResTime" : 20019.0,
    "pct1ResTime" : 7.0,
    "pct2ResTime" : 9.0,
    "pct3ResTime" : 313.40999999996575,
    "throughput" : 34.0078410105187,
    "receivedKBytesPerSec" : 11.374174342439751,
    "sentKBytesPerSec" : 15.319835941825126
  },
  "Logout" : {
    "transaction" : "Logout",
    "sampleCount" : 2797,
    "errorCount" : 0,
    "errorPct" : 0.0,
    "meanResTime" : 6.264211655345024,
    "medianResTime" : 6.0,
    "minResTime" : 4.0,
    "maxResTime" : 17.0,
    "pct1ResTime" : 7.0,
    "pct2ResTime" : 7.0,
    "pct3ResTime" : 9.019999999999982,
    "throughput" : 147.17954114923174,
    "receivedKBytesPerSec" : 43.98138631998526,
    "sentKBytesPerSec" : 58.785578447300566
  },
  "HTTP Request" : {
    "transaction" : "HTTP Request",
    "sampleCount" : 1,
    "errorCount" : 0,
    "errorPct" : 0.0,
    "meanResTime" : 54.0,
    "medianResTime" : 54.0,
    "minResTime" : 54.0,
    "maxResTime" : 54.0,
    "pct1ResTime" : 54.0,
    "pct2ResTime" : 54.0,
    "pct3ResTime" : 54.0,
    "throughput" : 18.51851851851852,
    "receivedKBytesPerSec" : 47.652633101851855,
    "sentKBytesPerSec" : 3.399884259259259
  },
  "Launch" : {
    "transaction" : "Launch",
    "sampleCount" : 119,
    "errorCount" : 0,
    "errorPct" : 0.0,
    "meanResTime" : 164.89075630252097,
    "medianResTime" : 11.0,
    "minResTime" : 3.0,
    "maxResTime" : 1424.0,
    "pct1ResTime" : 1165.0,
    "pct2ResTime" : 1276.0,
    "pct3ResTime" : 1416.1999999999998,
    "throughput" : 5.9464321407155705,
    "receivedKBytesPerSec" : 4.454456232510494,
    "sentKBytesPerSec" : 3.7618542155956427
  },
  "PostLogin" : {
    "transaction" : "PostLogin",
    "sampleCount" : 72,
    "errorCount" : 0,
    "errorPct" : 0.0,
    "meanResTime" : 434.0694444444444,
    "medianResTime" : 10.0,
    "minResTime" : 3.0,
    "maxResTime" : 20019.0,
    "pct1ResTime" : 1099.9000000000003,
    "pct2ResTime" : 1229.1999999999998,
    "pct3ResTime" : 20019.0,
    "throughput" : 2.2984102662325223,
    "receivedKBytesPerSec" : 2.0176555616740086,
    "sentKBytesPerSec" : 5.21344589957224
  }
}