{
  "Total" : {
    "transaction" : "Total",
    "sampleCount" : 2695,
    "errorCount" : 0,
    "errorPct" : 0.0,
    "meanResTime" : 21.289424860853483,
    "medianResTime" : 6.0,
    "minResTime" : 3.0,
    "maxResTime" : 20080.0,
    "pct1ResTime" : 7.0,
    "pct2ResTime" : 7.0,
    "pct3ResTime" : 12.0,
    "throughput" : 34.742365059107144,
    "receivedKBytesPerSec" : 10.426108621456473,
    "sentKBytesPerSec" : 13.890991297488753
  },
  "Logout" : {
    "transaction" : "Logout",
    "sampleCount" : 2685,
    "errorCount" : 0,
    "errorPct" : 0.0,
    "meanResTime" : 6.343016759776545,
    "medianResTime" : 6.0,
    "minResTime" : 5.0,
    "maxResTime" : 206.0,
    "pct1ResTime" : 7.0,
    "pct2ResTime" : 7.0,
    "pct3ResTime" : 10.139999999999873,
    "throughput" : 141.30835219198988,
    "receivedKBytesPerSec" : 42.226909932371974,
    "sentKBytesPerSec" : 56.44054301418346
  },
  "HTTP Request" : {
    "transaction" : "HTTP Request",
    "sampleCount" : 1,
    "errorCount" : 0,
    "errorPct" : 0.0,
    "meanResTime" : 65.0,
    "medianResTime" : 65.0,
    "minResTime" : 65.0,
    "maxResTime" : 65.0,
    "pct1ResTime" : 65.0,
    "pct2ResTime" : 65.0,
    "pct3ResTime" : 65.0,
    "throughput" : 15.384615384615385,
    "receivedKBytesPerSec" : 39.58834134615385,
    "sentKBytesPerSec" : 2.824519230769231
  },
  "Launch" : {
    "transaction" : "Launch",
    "sampleCount" : 7,
    "errorCount" : 0,
    "errorPct" : 0.0,
    "meanResTime" : 2883.4285714285716,
    "medianResTime" : 27.0,
    "minResTime" : 3.0,
    "maxResTime" : 20034.0,
    "pct1ResTime" : 20034.0,
    "pct2ResTime" : 20034.0,
    "pct3ResTime" : 20034.0,
    "throughput" : 0.34494653328734043,
    "receivedKBytesPerSec" : 0.16135682562952744,
    "sentKBytesPerSec" : 0.19716042785689647
  },
  "PostLogin" : {
    "transaction" : "PostLogin",
    "sampleCount" : 2,
    "errorCount" : 0,
    "errorPct" : 0.0,
    "meanResTime" : 10047.5,
    "medianResTime" : 10047.5,
    "minResTime" : 15.0,
    "maxResTime" : 20080.0,
    "pct1ResTime" : 20080.0,
    "pct2ResTime" : 20080.0,
    "pct3ResTime" : 20080.0,
    "throughput" : 0.09952229299363058,
    "receivedKBytesPerSec" : 0.0279906449044586,
    "sentKBytesPerSec" : 0.04611653127488057
  }
}