{
  "Debug Sampler" : {
    "transaction" : "Debug Sampler",
    "sampleCount" : 20,
    "errorCount" : 0,
    "errorPct" : 0.0,
    "meanResTime" : 0.15,
    "medianResTime" : 0.0,
    "minResTime" : 0.0,
    "maxResTime" : 2.0,
    "pct1ResTime" : 0.9000000000000021,
    "pct2ResTime" : 1.9499999999999993,
    "pct3ResTime" : 2.0,
    "throughput" : 0.6292870178088227,
    "receivedKBytesPerSec" : 0.48050734299288905,
    "sentKBytesPerSec" : 0.0
  },
  "Total" : {
    "transaction" : "Total",
    "sampleCount" : 3028,
    "errorCount" : 0,
    "errorPct" : 0.0,
    "meanResTime" : 21.159841479524413,
    "medianResTime" : 6.0,
    "minResTime" : 0.0,
    "maxResTime" : 20017.0,
    "pct1ResTime" : 7.0,
    "pct2ResTime" : 8.0,
    "pct3ResTime" : 38.42000000000007,
    "throughput" : 35.938946518859645,
    "receivedKBytesPerSec" : 11.916579999169178,
    "sentKBytesPerSec" : 15.88089938608256
  },
  "Logout" : {
    "transaction" : "Logout",
    "sampleCount" : 2829,
    "errorCount" : 0,
    "errorPct" : 0.0,
    "meanResTime" : 6.142453163662071,
    "medianResTime" : 6.0,
    "minResTime" : 5.0,
    "maxResTime" : 31.0,
    "pct1ResTime" : 7.0,
    "pct2ResTime" : 7.0,
    "pct3ResTime" : 10.0,
    "throughput" : 148.9339299815741,
    "receivedKBytesPerSec" : 44.50564704527507,
    "sentKBytesPerSec" : 59.48630601803106
  },
  "HTTP Request" : {
    "transaction" : "HTTP Request",
    "sampleCount" : 1,
    "errorCount" : 0,
    "errorPct" : 0.0,
    "meanResTime" : 50.0,
    "medianResTime" : 50.0,
    "minResTime" : 50.0,
    "maxResTime" : 50.0,
    "pct1ResTime" : 50.0,
    "pct2ResTime" : 50.0,
    "pct3ResTime" : 50.0,
    "throughput" : 20.0,
    "receivedKBytesPerSec" : 51.46484375,
    "sentKBytesPerSec" : 3.671875
  },
  "Launch" : {
    "transaction" : "Launch",
    "sampleCount" : 126,
    "errorCount" : 0,
    "errorPct" : 0.0,
    "meanResTime" : 150.59523809523813,
    "medianResTime" : 10.0,
    "minResTime" : 3.0,
    "maxResTime" : 1393.0,
    "pct1ResTime" : 704.1999999999989,
    "pct2ResTime" : 1274.1499999999996,
    "pct3ResTime" : 1383.8200000000002,
    "throughput" : 6.498194945848375,
    "receivedKBytesPerSec" : 4.884424155492522,
    "sentKBytesPerSec" : 4.112290081872099
  },
  "PostLogin" : {
    "transaction" : "PostLogin",
    "sampleCount" : 52,
    "errorCount" : 0,
    "errorPct" : 0.0,
    "meanResTime" : 532.0576923076923,
    "medianResTime" : 9.0,
    "minResTime" : 3.0,
    "maxResTime" : 20017.0,
    "pct1ResTime" : 1136.5,
    "pct2ResTime" : 1276.9999999999998,
    "pct3ResTime" : 20017.0,
    "throughput" : 1.8766465769244651,
    "receivedKBytesPerSec" : 1.6630356450070374,
    "sentKBytesPerSec" : 4.625429125013533
  }
}