{
  "Debug Sampler" : {
    "transaction" : "Debug Sampler",
    "sampleCount" : 20,
    "errorCount" : 0,
    "errorPct" : 0.0,
    "meanResTime" : 0.39999999999999997,
    "medianResTime" : 0.0,
    "minResTime" : 0.0,
    "maxResTime" : 2.0,
    "pct1ResTime" : 1.0,
    "pct2ResTime" : 1.9499999999999993,
    "pct3ResTime" : 2.0,
    "throughput" : 0.5892404690354134,
    "receivedKBytesPerSec" : 0.44912322859584,
    "sentKBytesPerSec" : 0.0
  },
  "Total" : {
    "transaction" : "Total",
    "sampleCount" : 2932,
    "errorCount" : 0,
    "errorPct" : 0.0,
    "meanResTime" : 22.38472032742156,
    "medianResTime" : 6.0,
    "minResTime" : 0.0,
    "maxResTime" : 20020.0,
    "pct1ResTime" : 7.0,
    "pct2ResTime" : 9.0,
    "pct3ResTime" : 48.340000000000146,
    "throughput" : 34.136686459424844,
    "receivedKBytesPerSec" : 11.43790158560368,
    "sentKBytesPerSec" : 15.408971504249621
  },
  "Logout" : {
    "transaction" : "Logout",
    "sampleCount" : 2727,
    "errorCount" : 0,
    "errorPct" : 0.0,
    "meanResTime" : 6.3469013568023485,
    "medianResTime" : 6.0,
    "minResTime" : 5.0,
    "maxResTime" : 23.0,
    "pct1ResTime" : 7.0,
    "pct2ResTime" : 7.0,
    "pct3ResTime" : 9.0,
    "throughput" : 143.5112093463846,
    "receivedKBytesPerSec" : 42.88518560546259,
    "sentKBytesPerSec" : 57.320395139327445
  },
  "HTTP Request" : {
    "transaction" : "HTTP Request",
    "sampleCount" : 1,
    "errorCount" : 0,
    "errorPct" : 0.0,
    "meanResTime" : 47.0,
    "medianResTime" : 47.0,
    "minResTime" : 47.0,
    "maxResTime" : 47.0,
    "pct1ResTime" : 47.0,
    "pct2ResTime" : 47.0,
    "pct3ResTime" : 47.0,
    "throughput" : 21.27659574468085,
    "receivedKBytesPerSec" : 54.74983377659574,
    "sentKBytesPerSec" : 3.90625
  },
  "Launch" : {
    "transaction" : "Launch",
    "sampleCount" : 112,
    "errorCount" : 0,
    "errorPct" : 0.0,
    "meanResTime" : 167.41964285714297,
    "medianResTime" : 10.5,
    "minResTime" : 3.0,
    "maxResTime" : 1484.0,
    "pct1ResTime" : 1162.0,
    "pct2ResTime" : 1321.1999999999998,
    "pct3ResTime" : 1476.5900000000001,
    "throughput" : 5.853454583463991,
    "receivedKBytesPerSec" : 4.465321058064179,
    "sentKBytesPerSec" : 3.7016383629925786
  },
  "PostLogin" : {
    "transaction" : "PostLogin",
    "sampleCount" : 72,
    "errorCount" : 0,
    "errorPct" : 0.0,
    "meanResTime" : 409.9722222222222,
    "medianResTime" : 10.0,
    "minResTime" : 3.0,
    "maxResTime" : 20020.0,
    "pct1ResTime" : 802.3000000000011,
    "pct2ResTime" : 1246.2999999999997,
    "pct3ResTime" : 20020.0,
    "throughput" : 2.4334189536298503,
    "receivedKBytesPerSec" : 2.171158387690956,
    "sentKBytesPerSec" : 5.517901577497634
  }
}